"geo_entity","id","ind_id","level","level == ""lower secondary""","sex","value","year"
"country","AFG","CR.ABC.STD.2","lsec",false,"total",0.489,2020
"country","AGO","CR.ABC.STD.2","lsec",false,"total",0.367,2020
"country","ALB","CR.ABC.STD.2","lsec",false,"total",0.966,2020
"country","ARG","CR.ABC.STD.2","lsec",false,"total",0.748,2020
"country","ARM","CR.ABC.STD.2","lsec",false,"total",0.978,2020
"country","AUS","CR.ABC.STD.2","lsec",false,"total",0.985,2020
"country","AUT","CR.ABC.STD.2","lsec",false,"total",0.996,2020
"country","BDI","CR.ABC.STD.2","lsec",false,"total",0.271,2020
"country","BEL","CR.ABC.STD.2","lsec",false,"total",0.908,2020
"country","BEN","CR.ABC.STD.2","lsec",false,"total",0.291,2020
"country","BGD","CR.ABC.STD.2","lsec",false,"total",0.676,2020
"country","BGR","CR.ABC.STD.2","lsec",false,"total",0.934,2020
"country","BLR","CR.ABC.STD.2","lsec",false,"total",0.99,2020
"country","BLZ","CR.ABC.STD.2","lsec",false,"total",0.4,2020
"country","BOL","CR.ABC.STD.2","lsec",false,"total",0.91,2020
"country","BRA","CR.ABC.STD.2","lsec",false,"total",0.853,2020
"country","CAF","CR.ABC.STD.2","lsec",false,"total",0.166,2020
"country","CHL","CR.ABC.STD.2","lsec",false,"total",0.975,2020
"country","CHN","CR.ABC.STD.2","lsec",false,"total",0.908,2020
"country","CIV","CR.ABC.STD.2","lsec",false,"total",0.31,2020
"country","CMR","CR.ABC.STD.2","lsec",false,"total",0.449,2020
"country","COD","CR.ABC.STD.2","lsec",false,"total",0.474,2020
"country","COG","CR.ABC.STD.2","lsec",false,"total",0.557,2020
"country","COL","CR.ABC.STD.2","lsec",false,"total",0.784,2020
"country","CRI","CR.ABC.STD.2","lsec",false,"total",0.71,2020
"country","CUB","CR.ABC.STD.2","lsec",false,"total",0.957,2020
"country","CYP","CR.ABC.STD.2","lsec",false,"total",0.995,2020
"country","CZE","CR.ABC.STD.2","lsec",false,"total",1,2020
"country","DEU","CR.ABC.STD.2","lsec",false,"total",0.95,2020
"country","DNK","CR.ABC.STD.2","lsec",false,"total",1,2020
"country","DOM","CR.ABC.STD.2","lsec",false,"total",0.881,2020
"country","DZA","CR.ABC.STD.2","lsec",false,"total",0.682,2020
"country","ECU","CR.ABC.STD.2","lsec",false,"total",0.933,2020
"country","ESP","CR.ABC.STD.2","lsec",false,"total",0.911,2020
"country","EST","CR.ABC.STD.2","lsec",false,"total",0.972,2020
"country","ETH","CR.ABC.STD.2","lsec",false,"total",0.272,2020
"country","FIN","CR.ABC.STD.2","lsec",false,"total",1,2020
"country","FRA","CR.ABC.STD.2","lsec",false,"total",0.968,2020
"country","GEO","CR.ABC.STD.2","lsec",false,"total",0.986,2020
"country","GHA","CR.ABC.STD.2","lsec",false,"total",0.538,2020
"country","GIN","CR.ABC.STD.2","lsec",false,"total",0.366,2020
"country","GMB","CR.ABC.STD.2","lsec",false,"total",0.527,2020
"country","GNB","CR.ABC.STD.2","lsec",false,"total",0.134,2020
"country","GRC","CR.ABC.STD.2","lsec",false,"total",0.97,2020
"country","GTM","CR.ABC.STD.2","lsec",false,"total",0.534,2020
"country","GUY","CR.ABC.STD.2","lsec",false,"total",0.886,2020
"country","HND","CR.ABC.STD.2","lsec",false,"total",0.744,2020
"country","HRV","CR.ABC.STD.2","lsec",false,"total",0.999,2020
"country","HTI","CR.ABC.STD.2","lsec",false,"total",0.357,2020
"country","HUN","CR.ABC.STD.2","lsec",false,"total",0.944,2020
"country","IDN","CR.ABC.STD.2","lsec",false,"total",0.885,2020
"country","IND","CR.ABC.STD.2","lsec",false,"total",0.858,2020
"country","IRQ","CR.ABC.STD.2","lsec",false,"total",0.471,2020
"country","ITA","CR.ABC.STD.2","lsec",false,"total",0.994,2020
"country","JOR","CR.ABC.STD.2","lsec",false,"total",0.912,2020
"country","KAZ","CR.ABC.STD.2","lsec",false,"total",0.999,2020
"country","KGZ","CR.ABC.STD.2","lsec",false,"total",0.983,2020
"country","KIR","CR.ABC.STD.2","lsec",false,"total",0.789,2020
"country","KOR","CR.ABC.STD.2","lsec",false,"total",1,2020
"country","LBR","CR.ABC.STD.2","lsec",false,"total",0.212,2020
"country","LSO","CR.ABC.STD.2","lsec",false,"total",0.36,2020
"country","LTU","CR.ABC.STD.2","lsec",false,"total",1,2020
"country","LUX","CR.ABC.STD.2","lsec",false,"total",0.878,2020
"country","LVA","CR.ABC.STD.2","lsec",false,"total",0.987,2020
"country","MDG","CR.ABC.STD.2","lsec",false,"total",0.303,2020
"country","MDV","CR.ABC.STD.2","lsec",false,"total",0.941,2020
"country","MEX","CR.ABC.STD.2","lsec",false,"total",0.898,2020
"country","MKD","CR.ABC.STD.2","lsec",false,"total",0.971,2020
"country","MLI","CR.ABC.STD.2","lsec",false,"total",0.256,2020
"country","MMR","CR.ABC.STD.2","lsec",false,"total",0.527,2020
"country","MNE","CR.ABC.STD.2","lsec",false,"total",0.978,2020
"country","MNG","CR.ABC.STD.2","lsec",false,"total",0.985,2020
"country","MRT","CR.ABC.STD.2","lsec",false,"total",0.463,2020
"country","MWI","CR.ABC.STD.2","lsec",false,"total",0.246,2020
"country","NGA","CR.ABC.STD.2","lsec",false,"total",0.708,2020
"country","NLD","CR.ABC.STD.2","lsec",false,"total",0.934,2020
"country","NPL","CR.ABC.STD.2","lsec",false,"total",0.71,2020
"country","PAK","CR.ABC.STD.2","lsec",false,"total",0.479,2020
"country","PER","CR.ABC.STD.2","lsec",false,"total",0.924,2020
"country","PHL","CR.ABC.STD.2","lsec",false,"total",0.721,2020
"country","PNG","CR.ABC.STD.2","lsec",false,"total",0.301,2020
"country","POL","CR.ABC.STD.2","lsec",false,"total",0.98,2020
"country","PRT","CR.ABC.STD.2","lsec",false,"total",0.929,2020
"country","PRY","CR.ABC.STD.2","lsec",false,"total",0.784,2020
"country","PSE","CR.ABC.STD.2","lsec",false,"total",0.97,2020
"country","ROU","CR.ABC.STD.2","lsec",false,"total",0.972,2020
"country","RUS","CR.ABC.STD.2","lsec",false,"total",0.997,2020
"country","RWA","CR.ABC.STD.2","lsec",false,"total",0.288,2020
"country","SEN","CR.ABC.STD.2","lsec",false,"total",0.284,2020
"country","SLE","CR.ABC.STD.2","lsec",false,"total",0.428,2020
"country","SLV","CR.ABC.STD.2","lsec",false,"total",0.695,2020
"country","SRB","CR.ABC.STD.2","lsec",false,"total",0.986,2020
"country","STP","CR.ABC.STD.2","lsec",false,"total",0.823,2020
"country","SUR","CR.ABC.STD.2","lsec",false,"total",0.561,2020
"country","SVK","CR.ABC.STD.2","lsec",false,"total",1,2020
"country","SVN","CR.ABC.STD.2","lsec",false,"total",0.999,2020
"country","SWE","CR.ABC.STD.2","lsec",false,"total",1,2020
"country","TCD","CR.ABC.STD.2","lsec",false,"total",0.167,2020
"country","TGO","CR.ABC.STD.2","lsec",false,"total",0.423,2020
"country","THA","CR.ABC.STD.2","lsec",false,"total",0.885,2020
"country","TJK","CR.ABC.STD.2","lsec",false,"total",0.975,2020
"country","TKM","CR.ABC.STD.2","lsec",false,"total",0.997,2020
"country","TLS","CR.ABC.STD.2","lsec",false,"total",0.619,2020
"country","TON","CR.ABC.STD.2","lsec",false,"total",0.863,2020
"country","TUN","CR.ABC.STD.2","lsec",false,"total",0.891,2020
"country","TUV","CR.ABC.STD.2","lsec",false,"total",0.787,2020
"country","TZA","CR.ABC.STD.2","lsec",false,"total",0.325,2020
"country","UGA","CR.ABC.STD.2","lsec",false,"total",0.337,2020
"country","URY","CR.ABC.STD.2","lsec",false,"total",0.703,2020
"country","USA","CR.ABC.STD.2","lsec",false,"total",0.989,2020
"country","WSM","CR.ABC.STD.2","lsec",false,"total",0.967,2020
"country","ZAF","CR.ABC.STD.2","lsec",false,"total",0.881,2020
"country","ZMB","CR.ABC.STD.2","lsec",false,"total",0.457,2020
"country","ZWE","CR.ABC.STD.2","lsec",false,"total",0.726,2020
"region","World","CR.ABC.STD.2","lsec",false,"total",0.609,2000
"region","World","CR.ABC.STD.2","lsec",false,"total",0.619,2001
"region","World","CR.ABC.STD.2","lsec",false,"total",0.63,2002
"region","World","CR.ABC.STD.2","lsec",false,"total",0.641,2003
"region","World","CR.ABC.STD.2","lsec",false,"total",0.652,2004
"region","World","CR.ABC.STD.2","lsec",false,"total",0.664,2005
"region","World","CR.ABC.STD.2","lsec",false,"total",0.675,2006
"region","World","CR.ABC.STD.2","lsec",false,"total",0.686,2007
"region","World","CR.ABC.STD.2","lsec",false,"total",0.695,2008
"region","World","CR.ABC.STD.2","lsec",false,"total",0.704,2009
"region","World","CR.ABC.STD.2","lsec",false,"total",0.711,2010
"region","World","CR.ABC.STD.2","lsec",false,"total",0.718,2011
"region","World","CR.ABC.STD.2","lsec",false,"total",0.726,2012
"region","World","CR.ABC.STD.2","lsec",false,"total",0.732,2013
"region","World","CR.ABC.STD.2","lsec",false,"total",0.738,2014
"region","World","CR.ABC.STD.2","lsec",false,"total",0.743,2015
"region","World","CR.ABC.STD.2","lsec",false,"total",0.748,2016
"region","World","CR.ABC.STD.2","lsec",false,"total",0.752,2017
"region","World","CR.ABC.STD.2","lsec",false,"total",0.756,2018
"region","World","CR.ABC.STD.2","lsec",false,"total",0.761,2019
"region","World","CR.ABC.STD.2","lsec",false,"total",0.765,2020
"region","High income","CR.ABC.STD.2","lsec",false,"total",0.947,2000
"region","High income","CR.ABC.STD.2","lsec",false,"total",0.949,2001
"region","High income","CR.ABC.STD.2","lsec",false,"total",0.95,2002
"region","High income","CR.ABC.STD.2","lsec",false,"total",0.952,2003
"region","High income","CR.ABC.STD.2","lsec",false,"total",0.954,2004
"region","High income","CR.ABC.STD.2","lsec",false,"total",0.957,2005
"region","High income","CR.ABC.STD.2","lsec",false,"total",0.959,2006
"region","High income","CR.ABC.STD.2","lsec",false,"total",0.961,2007
"region","High income","CR.ABC.STD.2","lsec",false,"total",0.963,2008
"region","High income","CR.ABC.STD.2","lsec",false,"total",0.964,2009
"region","High income","CR.ABC.STD.2","lsec",false,"total",0.965,2010
"region","High income","CR.ABC.STD.2","lsec",false,"total",0.967,2011
"region","High income","CR.ABC.STD.2","lsec",false,"total",0.968,2012
"region","High income","CR.ABC.STD.2","lsec",false,"total",0.969,2013
"region","High income","CR.ABC.STD.2","lsec",false,"total",0.97,2014
"region","High income","CR.ABC.STD.2","lsec",false,"total",0.971,2015
"region","High income","CR.ABC.STD.2","lsec",false,"total",0.971,2016
"region","High income","CR.ABC.STD.2","lsec",false,"total",0.972,2017
"region","High income","CR.ABC.STD.2","lsec",false,"total",0.972,2018
"region","High income","CR.ABC.STD.2","lsec",false,"total",0.973,2019
"region","High income","CR.ABC.STD.2","lsec",false,"total",0.974,2020
"region","Low income","CR.ABC.STD.2","lsec",false,"total",0.168,2000
"region","Low income","CR.ABC.STD.2","lsec",false,"total",0.173,2001
"region","Low income","CR.ABC.STD.2","lsec",false,"total",0.179,2002
"region","Low income","CR.ABC.STD.2","lsec",false,"total",0.187,2003
"region","Low income","CR.ABC.STD.2","lsec",false,"total",0.197,2004
"region","Low income","CR.ABC.STD.2","lsec",false,"total",0.207,2005
"region","Low income","CR.ABC.STD.2","lsec",false,"total",0.219,2006
"region","Low income","CR.ABC.STD.2","lsec",false,"total",0.23,2007
"region","Low income","CR.ABC.STD.2","lsec",false,"total",0.242,2008
"region","Low income","CR.ABC.STD.2","lsec",false,"total",0.252,2009
"region","Low income","CR.ABC.STD.2","lsec",false,"total",0.262,2010
"region","Low income","CR.ABC.STD.2","lsec",false,"total",0.272,2011
"region","Low income","CR.ABC.STD.2","lsec",false,"total",0.281,2012
"region","Low income","CR.ABC.STD.2","lsec",false,"total",0.29,2013
"region","Low income","CR.ABC.STD.2","lsec",false,"total",0.298,2014
"region","Low income","CR.ABC.STD.2","lsec",false,"total",0.305,2015
"region","Low income","CR.ABC.STD.2","lsec",false,"total",0.311,2016
"region","Low income","CR.ABC.STD.2","lsec",false,"total",0.318,2017
"region","Low income","CR.ABC.STD.2","lsec",false,"total",0.325,2018
"region","Low income","CR.ABC.STD.2","lsec",false,"total",0.333,2019
"region","Low income","CR.ABC.STD.2","lsec",false,"total",0.341,2020
"region","Lower middle income","CR.ABC.STD.2","lsec",false,"total",0.52,2000
"region","Lower middle income","CR.ABC.STD.2","lsec",false,"total",0.534,2001
"region","Lower middle income","CR.ABC.STD.2","lsec",false,"total",0.547,2002
"region","Lower middle income","CR.ABC.STD.2","lsec",false,"total",0.559,2003
"region","Lower middle income","CR.ABC.STD.2","lsec",false,"total",0.57,2004
"region","Lower middle income","CR.ABC.STD.2","lsec",false,"total",0.583,2005
"region","Lower middle income","CR.ABC.STD.2","lsec",false,"total",0.597,2006
"region","Lower middle income","CR.ABC.STD.2","lsec",false,"total",0.61,2007
"region","Lower middle income","CR.ABC.STD.2","lsec",false,"total",0.624,2008
"region","Lower middle income","CR.ABC.STD.2","lsec",false,"total",0.637,2009
"region","Lower middle income","CR.ABC.STD.2","lsec",false,"total",0.651,2010
"region","Lower middle income","CR.ABC.STD.2","lsec",false,"total",0.665,2011
"region","Lower middle income","CR.ABC.STD.2","lsec",false,"total",0.679,2012
"region","Lower middle income","CR.ABC.STD.2","lsec",false,"total",0.691,2013
"region","Lower middle income","CR.ABC.STD.2","lsec",false,"total",0.702,2014
"region","Lower middle income","CR.ABC.STD.2","lsec",false,"total",0.712,2015
"region","Lower middle income","CR.ABC.STD.2","lsec",false,"total",0.721,2016
"region","Lower middle income","CR.ABC.STD.2","lsec",false,"total",0.729,2017
"region","Lower middle income","CR.ABC.STD.2","lsec",false,"total",0.737,2018
"region","Lower middle income","CR.ABC.STD.2","lsec",false,"total",0.745,2019
"region","Lower middle income","CR.ABC.STD.2","lsec",false,"total",0.752,2020
"region","Upper middle income","CR.ABC.STD.2","lsec",false,"total",0.695,2000
"region","Upper middle income","CR.ABC.STD.2","lsec",false,"total",0.708,2001
"region","Upper middle income","CR.ABC.STD.2","lsec",false,"total",0.72,2002
"region","Upper middle income","CR.ABC.STD.2","lsec",false,"total",0.733,2003
"region","Upper middle income","CR.ABC.STD.2","lsec",false,"total",0.747,2004
"region","Upper middle income","CR.ABC.STD.2","lsec",false,"total",0.762,2005
"region","Upper middle income","CR.ABC.STD.2","lsec",false,"total",0.776,2006
"region","Upper middle income","CR.ABC.STD.2","lsec",false,"total",0.79,2007
"region","Upper middle income","CR.ABC.STD.2","lsec",false,"total",0.804,2008
"region","Upper middle income","CR.ABC.STD.2","lsec",false,"total",0.817,2009
"region","Upper middle income","CR.ABC.STD.2","lsec",false,"total",0.827,2010
"region","Upper middle income","CR.ABC.STD.2","lsec",false,"total",0.835,2011
"region","Upper middle income","CR.ABC.STD.2","lsec",false,"total",0.841,2012
"region","Upper middle income","CR.ABC.STD.2","lsec",false,"total",0.848,2013
"region","Upper middle income","CR.ABC.STD.2","lsec",false,"total",0.854,2014
"region","Upper middle income","CR.ABC.STD.2","lsec",false,"total",0.859,2015
"region","Upper middle income","CR.ABC.STD.2","lsec",false,"total",0.865,2016
"region","Upper middle income","CR.ABC.STD.2","lsec",false,"total",0.87,2017
"region","Upper middle income","CR.ABC.STD.2","lsec",false,"total",0.875,2018
"region","Upper middle income","CR.ABC.STD.2","lsec",false,"total",0.88,2019
"region","Upper middle income","CR.ABC.STD.2","lsec",false,"total",0.885,2020
